-- SYMPTOM
INSERT INTO SYMPTOM (SYMPTOM_CODE, SYMPTOM_DESCRIPTION, SYMPTOM_GROUP_CODE, CREATEDATE, CREATEBY, MODIFYDATE, MODIFYBY) VALUES ('VM001', 'Others', '105', TO_DATE('2019-10-30 17:07:21', 'YYYY-MM-DD HH24:MI:SS'), '81209181', TO_DATE('2019-10-30 17:07:21', 'YYYY-MM-DD HH24:MI:SS'), '81209181');
INSERT INTO SYMPTOM (SYMPTOM_CODE, SYMPTOM_DESCRIPTION, SYMPTOM_GROUP_CODE, CREATEDATE, CREATEBY, MODIFYDATE, MODIFYBY) VALUES ('OF001', 'Exchange (Email)', '106', TO_DATE('2019-10-30 17:07:21', 'YYYY-MM-DD HH24:MI:SS'), '81209181', TO_DATE('2019-10-30 17:07:21', 'YYYY-MM-DD HH24:MI:SS'), '81209181');
INSERT INTO SYMPTOM (SYMPTOM_CODE, SYMPTOM_DESCRIPTION, SYMPTOM_GROUP_CODE, CREATEDATE, CREATEBY, MODIFYDATE, MODIFYBY) VALUES ('OF002', 'Mailbox Archiving', '106', TO_DATE('2019-10-30 17:07:21', 'YYYY-MM-DD HH24:MI:SS'), '81209181', TO_DATE('2019-10-30 17:07:21', 'YYYY-MM-DD HH24:MI:SS'), '81209181');
INSERT INTO SYMPTOM (SYMPTOM_CODE, SYMPTOM_DESCRIPTION, SYMPTOM_GROUP_CODE, CREATEDATE, CREATEBY, MODIFYDATE, MODIFYBY) VALUES ('OF003', 'Exchnage Online ATP', '106', TO_DATE('2019-10-30 17:07:21', 'YYYY-MM-DD HH24:MI:SS'), '81209181', TO_DATE('2019-10-30 17:07:21', 'YYYY-MM-DD HH24:MI:SS'), '81209181');
INSERT INTO SYMPTOM (SYMPTOM_CODE, SYMPTOM_DESCRIPTION, SYMPTOM_GROUP_CODE, CREATEDATE, CREATEBY, MODIFYDATE, MODIFYBY) VALUES ('OF004', 'Mailbox Backup', '106', TO_DATE('2019-10-30 17:07:21', 'YYYY-MM-DD HH24:MI:SS'), '81209181', TO_DATE('2019-10-30 17:07:21', 'YYYY-MM-DD HH24:MI:SS'), '81209181');
INSERT INTO SYMPTOM (SYMPTOM_CODE, SYMPTOM_DESCRIPTION, SYMPTOM_GROUP_CODE, CREATEDATE, CREATEBY, MODIFYDATE, MODIFYBY) VALUES ('OF005', 'OneDrive for Biz', '106', TO_DATE('2019-10-30 17:07:21', 'YYYY-MM-DD HH24:MI:SS'), '81209181', TO_DATE('2019-10-30 17:07:21', 'YYYY-MM-DD HH24:MI:SS'), '81209181');
INSERT INTO SYMPTOM (SYMPTOM_CODE, SYMPTOM_DESCRIPTION, SYMPTOM_GROUP_CODE, CREATEDATE, CREATEBY, MODIFYDATE, MODIFYBY) VALUES ('OF006', 'Office Online', '106', TO_DATE('2019-10-30 17:07:21', 'YYYY-MM-DD HH24:MI:SS'), '81209181', TO_DATE('2019-10-30 17:07:21', 'YYYY-MM-DD HH24:MI:SS'), '81209181');
INSERT INTO SYMPTOM (SYMPTOM_CODE, SYMPTOM_DESCRIPTION, SYMPTOM_GROUP_CODE, CREATEDATE, CREATEBY, MODIFYDATE, MODIFYBY) VALUES ('OF007', 'Word', '106', TO_DATE('2019-10-30 17:07:21', 'YYYY-MM-DD HH24:MI:SS'), '81209181', TO_DATE('2019-10-30 17:07:21', 'YYYY-MM-DD HH24:MI:SS'), '81209181');
INSERT INTO SYMPTOM (SYMPTOM_CODE, SYMPTOM_DESCRIPTION, SYMPTOM_GROUP_CODE, CREATEDATE, CREATEBY, MODIFYDATE, MODIFYBY) VALUES ('OF008', 'Excel', '106', TO_DATE('2019-10-30 17:07:21', 'YYYY-MM-DD HH24:MI:SS'), '81209181', TO_DATE('2019-10-30 17:07:21', 'YYYY-MM-DD HH24:MI:SS'), '81209181');
INSERT INTO SYMPTOM (SYMPTOM_CODE, SYMPTOM_DESCRIPTION, SYMPTOM_GROUP_CODE, CREATEDATE, CREATEBY, MODIFYDATE, MODIFYBY) VALUES ('OF009', 'Powerpoint', '106', TO_DATE('2019-10-30 17:07:21', 'YYYY-MM-DD HH24:MI:SS'), '81209181', TO_DATE('2019-10-30 17:07:21', 'YYYY-MM-DD HH24:MI:SS'), '81209181');
INSERT INTO SYMPTOM (SYMPTOM_CODE, SYMPTOM_DESCRIPTION, SYMPTOM_GROUP_CODE, CREATEDATE, CREATEBY, MODIFYDATE, MODIFYBY) VALUES ('OF010', 'Outlook', '106', TO_DATE('2019-10-30 17:07:21', 'YYYY-MM-DD HH24:MI:SS'), '81209181', TO_DATE('2019-10-30 17:07:21', 'YYYY-MM-DD HH24:MI:SS'), '81209181');
INSERT INTO SYMPTOM (SYMPTOM_CODE, SYMPTOM_DESCRIPTION, SYMPTOM_GROUP_CODE, CREATEDATE, CREATEBY, MODIFYDATE, MODIFYBY) VALUES ('OF011', 'OneNote', '106', TO_DATE('2019-10-30 17:07:21', 'YYYY-MM-DD HH24:MI:SS'), '81209181', TO_DATE('2019-10-30 17:07:21', 'YYYY-MM-DD HH24:MI:SS'), '81209181');
INSERT INTO SYMPTOM (SYMPTOM_CODE, SYMPTOM_DESCRIPTION, SYMPTOM_GROUP_CODE, CREATEDATE, CREATEBY, MODIFYDATE, MODIFYBY) VALUES ('OF012', 'Skype for Biz', '106', TO_DATE('2019-10-30 17:07:21', 'YYYY-MM-DD HH24:MI:SS'), '81209181', TO_DATE('2019-10-30 17:07:21', 'YYYY-MM-DD HH24:MI:SS'), '81209181');
INSERT INTO SYMPTOM (SYMPTOM_CODE, SYMPTOM_DESCRIPTION, SYMPTOM_GROUP_CODE, CREATEDATE, CREATEBY, MODIFYDATE, MODIFYBY) VALUES ('OF013', 'Yammer', '106', TO_DATE('2019-10-30 17:07:21', 'YYYY-MM-DD HH24:MI:SS'), '81209181', TO_DATE('2019-10-30 17:07:21', 'YYYY-MM-DD HH24:MI:SS'), '81209181');
INSERT INTO SYMPTOM (SYMPTOM_CODE, SYMPTOM_DESCRIPTION, SYMPTOM_GROUP_CODE, CREATEDATE, CREATEBY, MODIFYDATE, MODIFYBY) VALUES ('OF014', 'Exchange (Email)+Mailbox Archiving', '106', TO_DATE('2019-10-30 17:07:21', 'YYYY-MM-DD HH24:MI:SS'), '81209181', TO_DATE('2019-10-30 17:07:21', 'YYYY-MM-DD HH24:MI:SS'), '81209181');
INSERT INTO SYMPTOM (SYMPTOM_CODE, SYMPTOM_DESCRIPTION, SYMPTOM_GROUP_CODE, CREATEDATE, CREATEBY, MODIFYDATE, MODIFYBY) VALUES ('OF015', 'Exchange (Email)+Mailbox Archiving+Mailbox Backup', '106', TO_DATE('2019-10-30 17:07:21', 'YYYY-MM-DD HH24:MI:SS'), '81209181', TO_DATE('2019-10-30 17:07:21', 'YYYY-MM-DD HH24:MI:SS'), '81209181');
INSERT INTO SYMPTOM (SYMPTOM_CODE, SYMPTOM_DESCRIPTION, SYMPTOM_GROUP_CODE, CREATEDATE, CREATEBY, MODIFYDATE, MODIFYBY) VALUES ('OF016', 'Ohters', '106', TO_DATE('2019-10-30 17:07:21', 'YYYY-MM-DD HH24:MI:SS'), '81209181', TO_DATE('2019-10-30 17:07:21', 'YYYY-MM-DD HH24:MI:SS'), '81209181');
INSERT INTO SYMPTOM (SYMPTOM_CODE, SYMPTOM_DESCRIPTION, SYMPTOM_GROUP_CODE, CREATEDATE, CREATEBY, MODIFYDATE, MODIFYBY) VALUES ('IF001', 'WIRING / 線路故障', '100', TO_DATE('2019-10-29 14:31:04', 'YYYY-MM-DD HH24:MI:SS'), '81209181', TO_DATE('2019-10-29 14:31:04', 'YYYY-MM-DD HH24:MI:SS'), '81209181');
INSERT INTO SYMPTOM (SYMPTOM_CODE, SYMPTOM_DESCRIPTION, SYMPTOM_GROUP_CODE, CREATEDATE, CREATEBY, MODIFYDATE, MODIFYBY) VALUES ('IF002', 'L1 NETWORK / L1網絡', '100', TO_DATE('2019-10-29 14:31:04', 'YYYY-MM-DD HH24:MI:SS'), '81209181', TO_DATE('2019-10-29 14:31:04', 'YYYY-MM-DD HH24:MI:SS'), '81209181');
INSERT INTO SYMPTOM (SYMPTOM_CODE, SYMPTOM_DESCRIPTION, SYMPTOM_GROUP_CODE, CREATEDATE, CREATEBY, MODIFYDATE, MODIFYBY) VALUES ('IF003', 'TIME OUT ERROR 650 / 錯誤650', '100', TO_DATE('2019-10-29 14:31:04', 'YYYY-MM-DD HH24:MI:SS'), '81209181', TO_DATE('2019-10-29 14:31:04', 'YYYY-MM-DD HH24:MI:SS'), '81209181');
INSERT INTO SYMPTOM (SYMPTOM_CODE, SYMPTOM_DESCRIPTION, SYMPTOM_GROUP_CODE, CREATEDATE, CREATEBY, MODIFYDATE, MODIFYBY) VALUES ('IF004', 'NO DATA RECEIVED / 無法接收網絡數據', '100', TO_DATE('2019-10-29 14:31:04', 'YYYY-MM-DD HH24:MI:SS'), '81209181', TO_DATE('2019-10-29 14:31:04', 'YYYY-MM-DD HH24:MI:SS'), '81209181');
INSERT INTO SYMPTOM (SYMPTOM_CODE, SYMPTOM_DESCRIPTION, SYMPTOM_GROUP_CODE, CREATEDATE, CREATEBY, MODIFYDATE, MODIFYBY) VALUES ('IF005', 'ISP PROACTIVE PING HER CLIENT FAILURE / ISP主動發現客戶故障', '100', TO_DATE('2019-10-29 14:31:04', 'YYYY-MM-DD HH24:MI:SS'), '81209181', TO_DATE('2019-10-29 14:31:04', 'YYYY-MM-DD HH24:MI:SS'), '81209181');
INSERT INTO SYMPTOM (SYMPTOM_CODE, SYMPTOM_DESCRIPTION, SYMPTOM_GROUP_CODE, CREATEDATE, CREATEBY, MODIFYDATE, MODIFYBY) VALUES ('IF006', 'PFMS - PING TIME OUT / PFMS - 無法連接網絡', '100', TO_DATE('2019-10-29 14:31:04', 'YYYY-MM-DD HH24:MI:SS'), '81209181', TO_DATE('2019-10-29 14:31:04', 'YYYY-MM-DD HH24:MI:SS'), '81209181');
INSERT INTO SYMPTOM (SYMPTOM_CODE, SYMPTOM_DESCRIPTION, SYMPTOM_GROUP_CODE, CREATEDATE, CREATEBY, MODIFYDATE, MODIFYBY) VALUES ('IF007', 'PFMS - ROUTER ALARM DETECTED / 路由器檢測到網絡異常', '100', TO_DATE('2019-10-29 14:31:04', 'YYYY-MM-DD HH24:MI:SS'), '81209181', TO_DATE('2019-10-29 14:31:04', 'YYYY-MM-DD HH24:MI:SS'), '81209181');
INSERT INTO SYMPTOM (SYMPTOM_CODE, SYMPTOM_DESCRIPTION, SYMPTOM_GROUP_CODE, CREATEDATE, CREATEBY, MODIFYDATE, MODIFYBY) VALUES ('IF008', 'CNMS - CRITICAL / CNMS', '100', TO_DATE('2019-10-29 14:31:04', 'YYYY-MM-DD HH24:MI:SS'), '81209181', TO_DATE('2019-10-29 14:31:04', 'YYYY-MM-DD HH24:MI:SS'), '81209181');
INSERT INTO SYMPTOM (SYMPTOM_CODE, SYMPTOM_DESCRIPTION, SYMPTOM_GROUP_CODE, CREATEDATE, CREATEBY, MODIFYDATE, MODIFYBY) VALUES ('IF009', 'CNMS - MAJOR / CNMS - 重大事故', '100', TO_DATE('2019-10-29 14:31:04', 'YYYY-MM-DD HH24:MI:SS'), '81209181', TO_DATE('2019-10-29 14:31:04', 'YYYY-MM-DD HH24:MI:SS'), '81209181');
INSERT INTO SYMPTOM (SYMPTOM_CODE, SYMPTOM_DESCRIPTION, SYMPTOM_GROUP_CODE, CREATEDATE, CREATEBY, MODIFYDATE, MODIFYBY) VALUES ('IF010', 'INTERNET DOWN / 無法連接網絡', '100', TO_DATE('2019-10-29 14:31:04', 'YYYY-MM-DD HH24:MI:SS'), '81209181', TO_DATE('2019-10-29 14:31:04', 'YYYY-MM-DD HH24:MI:SS'), '81209181');
INSERT INTO SYMPTOM (SYMPTOM_CODE, SYMPTOM_DESCRIPTION, SYMPTOM_GROUP_CODE, CREATEDATE, CREATEBY, MODIFYDATE, MODIFYBY) VALUES ('IF011', 'ALL VOICE & INTERNET DOWN / 全部電話及網絡故障', '100', TO_DATE('2019-10-29 14:31:04', 'YYYY-MM-DD HH24:MI:SS'), '81209181', TO_DATE('2019-10-29 14:31:04', 'YYYY-MM-DD HH24:MI:SS'), '81209181');
INSERT INTO SYMPTOM (SYMPTOM_CODE, SYMPTOM_DESCRIPTION, SYMPTOM_GROUP_CODE, CREATEDATE, CREATEBY, MODIFYDATE, MODIFYBY) VALUES ('IF012', 'INTERNET UNSTABLE / 網絡不穩定', '100', TO_DATE('2019-10-29 14:31:04', 'YYYY-MM-DD HH24:MI:SS'), '81209181', TO_DATE('2019-10-29 14:31:04', 'YYYY-MM-DD HH24:MI:SS'), '81209181');
INSERT INTO SYMPTOM (SYMPTOM_CODE, SYMPTOM_DESCRIPTION, SYMPTOM_GROUP_CODE, CREATEDATE, CREATEBY, MODIFYDATE, MODIFYBY) VALUES ('IF013', 'BANDWIDTH NOT ENOUGH / 網速不達標', '100', TO_DATE('2019-10-29 14:31:04', 'YYYY-MM-DD HH24:MI:SS'), '81209181', TO_DATE('2019-10-29 14:31:04', 'YYYY-MM-DD HH24:MI:SS'), '81209181');
INSERT INTO SYMPTOM (SYMPTOM_CODE, SYMPTOM_DESCRIPTION, SYMPTOM_GROUP_CODE, CREATEDATE, CREATEBY, MODIFYDATE, MODIFYBY) VALUES ('FF001', 'CANNOT DISCOVER SSID WHEN ENABLED WI-FI / 無法發現無線網絡名稱', '104', TO_DATE('2019-10-29 14:31:04', 'YYYY-MM-DD HH24:MI:SS'), '81209181', TO_DATE('2019-10-29 14:31:04', 'YYYY-MM-DD HH24:MI:SS'), '81209181');
INSERT INTO SYMPTOM (SYMPTOM_CODE, SYMPTOM_DESCRIPTION, SYMPTOM_GROUP_CODE, CREATEDATE, CREATEBY, MODIFYDATE, MODIFYBY) VALUES ('FF002', 'WIFI SIGNAL WEAK / 無線網絡訊號虛弱', '104', TO_DATE('2019-10-29 14:31:04', 'YYYY-MM-DD HH24:MI:SS'), '81209181', TO_DATE('2019-10-29 14:31:04', 'YYYY-MM-DD HH24:MI:SS'), '81209181');
INSERT INTO SYMPTOM (SYMPTOM_CODE, SYMPTOM_DESCRIPTION, SYMPTOM_GROUP_CODE, CREATEDATE, CREATEBY, MODIFYDATE, MODIFYBY) VALUES ('EF001', 'CAN''T TURN ON POWER', '101', TO_DATE('2019-10-29 14:31:04', 'YYYY-MM-DD HH24:MI:SS'), '81209181', TO_DATE('2019-10-29 14:31:04', 'YYYY-MM-DD HH24:MI:SS'), '81209181');
INSERT INTO SYMPTOM (SYMPTOM_CODE, SYMPTOM_DESCRIPTION, SYMPTOM_GROUP_CODE, CREATEDATE, CREATEBY, MODIFYDATE, MODIFYBY) VALUES ('EF002', 'EQUIPMENT DAMAGE / LOSE / 器材損壞/丟失', '101', TO_DATE('2019-10-29 14:31:04', 'YYYY-MM-DD HH24:MI:SS'), '81209181', TO_DATE('2019-10-29 14:31:04', 'YYYY-MM-DD HH24:MI:SS'), '81209181');
INSERT INTO SYMPTOM (SYMPTOM_CODE, SYMPTOM_DESCRIPTION, SYMPTOM_GROUP_CODE, CREATEDATE, CREATEBY, MODIFYDATE, MODIFYBY) VALUES ('EF003', 'EQUIPMENT HOT / 器材發熱', '101', TO_DATE('2019-10-29 14:31:04', 'YYYY-MM-DD HH24:MI:SS'), '81209181', TO_DATE('2019-10-29 14:31:04', 'YYYY-MM-DD HH24:MI:SS'), '81209181');
INSERT INTO SYMPTOM (SYMPTOM_CODE, SYMPTOM_DESCRIPTION, SYMPTOM_GROUP_CODE, CREATEDATE, CREATEBY, MODIFYDATE, MODIFYBY) VALUES ('EF004', 'SOCKET MISSING / BROKEN / LOOSEN / 插座丟失/破損/鬆開', '101', TO_DATE('2019-10-29 14:31:04', 'YYYY-MM-DD HH24:MI:SS'), '81209181', TO_DATE('2019-10-29 14:31:04', 'YYYY-MM-DD HH24:MI:SS'), '81209181');
INSERT INTO SYMPTOM (SYMPTOM_CODE, SYMPTOM_DESCRIPTION, SYMPTOM_GROUP_CODE, CREATEDATE, CREATEBY, MODIFYDATE, MODIFYBY) VALUES ('CI001', 'CHECK ALARM LOG / 檢查警報日誌', '102', TO_DATE('2019-10-29 14:31:04', 'YYYY-MM-DD HH24:MI:SS'), '81209181', TO_DATE('2019-10-29 14:31:04', 'YYYY-MM-DD HH24:MI:SS'), '81209181');
INSERT INTO SYMPTOM (SYMPTOM_CODE, SYMPTOM_DESCRIPTION, SYMPTOM_GROUP_CODE, CREATEDATE, CREATEBY, MODIFYDATE, MODIFYBY) VALUES ('CI002', 'CHECK ROUTER SETTING / 檢查路由器設置參數', '102', TO_DATE('2019-10-29 14:31:04', 'YYYY-MM-DD HH24:MI:SS'), '81209181', TO_DATE('2019-10-29 14:31:04', 'YYYY-MM-DD HH24:MI:SS'), '81209181');
INSERT INTO SYMPTOM (SYMPTOM_CODE, SYMPTOM_DESCRIPTION, SYMPTOM_GROUP_CODE, CREATEDATE, CREATEBY, MODIFYDATE, MODIFYBY) VALUES ('VF001', 'ALL VOICE DOWN / 全部電話故障', '103', TO_DATE('2019-10-29 14:31:04', 'YYYY-MM-DD HH24:MI:SS'), '81209181', TO_DATE('2019-10-29 14:31:04', 'YYYY-MM-DD HH24:MI:SS'), '81209181');
INSERT INTO SYMPTOM (SYMPTOM_CODE, SYMPTOM_DESCRIPTION, SYMPTOM_GROUP_CODE, CREATEDATE, CREATEBY, MODIFYDATE, MODIFYBY) VALUES ('VF002', 'NO DIAL TONE / 提起聽筒時, 没有聲音', '103', TO_DATE('2019-10-29 14:31:04', 'YYYY-MM-DD HH24:MI:SS'), '81209181', TO_DATE('2019-10-29 14:31:04', 'YYYY-MM-DD HH24:MI:SS'), '81209181');
INSERT INTO SYMPTOM (SYMPTOM_CODE, SYMPTOM_DESCRIPTION, SYMPTOM_GROUP_CODE, CREATEDATE, CREATEBY, MODIFYDATE, MODIFYBY) VALUES ('VF003', 'CAN''T GET INCOMING CALL / 不能接聽來電', '103', TO_DATE('2019-10-29 14:31:04', 'YYYY-MM-DD HH24:MI:SS'), '81209181', TO_DATE('2019-10-29 14:31:04', 'YYYY-MM-DD HH24:MI:SS'), '81209181');
INSERT INTO SYMPTOM (SYMPTOM_CODE, SYMPTOM_DESCRIPTION, SYMPTOM_GROUP_CODE, CREATEDATE, CREATEBY, MODIFYDATE, MODIFYBY) VALUES ('VF004', 'CAN''T GET OUTGOING CALL / 不能撥打電話', '103', TO_DATE('2019-10-29 14:31:04', 'YYYY-MM-DD HH24:MI:SS'), '81209181', TO_DATE('2019-10-29 14:31:04', 'YYYY-MM-DD HH24:MI:SS'), '81209181');
INSERT INTO SYMPTOM (SYMPTOM_CODE, SYMPTOM_DESCRIPTION, SYMPTOM_GROUP_CODE, CREATEDATE, CREATEBY, MODIFYDATE, MODIFYBY) VALUES ('VF005', 'CAN''T GET BOTHWAY / 不能接聽和撥打電話', '103', TO_DATE('2019-10-29 14:31:04', 'YYYY-MM-DD HH24:MI:SS'), '81209181', TO_DATE('2019-10-29 14:31:04', 'YYYY-MM-DD HH24:MI:SS'), '81209181');
INSERT INTO SYMPTOM (SYMPTOM_CODE, SYMPTOM_DESCRIPTION, SYMPTOM_GROUP_CODE, CREATEDATE, CREATEBY, MODIFYDATE, MODIFYBY) VALUES ('VF006', 'CAN''T GET EXTENSION / 不能撥打內線', '103', TO_DATE('2019-10-29 14:31:04', 'YYYY-MM-DD HH24:MI:SS'), '81209181', TO_DATE('2019-10-29 14:31:04', 'YYYY-MM-DD HH24:MI:SS'), '81209181');
INSERT INTO SYMPTOM (SYMPTOM_CODE, SYMPTOM_DESCRIPTION, SYMPTOM_GROUP_CODE, CREATEDATE, CREATEBY, MODIFYDATE, MODIFYBY) VALUES ('VF007', 'DROP OUT ON ANSWERING / 接聽電話時斷線', '103', TO_DATE('2019-10-29 14:31:04', 'YYYY-MM-DD HH24:MI:SS'), '81209181', TO_DATE('2019-10-29 14:31:04', 'YYYY-MM-DD HH24:MI:SS'), '81209181');
INSERT INTO SYMPTOM (SYMPTOM_CODE, SYMPTOM_DESCRIPTION, SYMPTOM_GROUP_CODE, CREATEDATE, CREATEBY, MODIFYDATE, MODIFYBY) VALUES ('VF008', 'VOICE QUALITY - SEE FAULT SUMMARY / 通話質量問題 - 請參考摘要', '103', TO_DATE('2019-10-29 14:31:04', 'YYYY-MM-DD HH24:MI:SS'), '81209181', TO_DATE('2019-10-29 14:31:04', 'YYYY-MM-DD HH24:MI:SS'), '81209181');
INSERT INTO SYMPTOM (SYMPTOM_CODE, SYMPTOM_DESCRIPTION, SYMPTOM_GROUP_CODE, CREATEDATE, CREATEBY, MODIFYDATE, MODIFYBY) VALUES ('VF009', 'OTHER  VOICE PROBLEM, REFER TO REMARK / 其他電話問題，請參考備註', '103', TO_DATE('2019-10-29 14:31:04', 'YYYY-MM-DD HH24:MI:SS'), '81209181', TO_DATE('2019-10-29 14:31:04', 'YYYY-MM-DD HH24:MI:SS'), '81209181');
INSERT INTO SYMPTOM (SYMPTOM_CODE, SYMPTOM_DESCRIPTION, SYMPTOM_GROUP_CODE, CREATEDATE, CREATEBY, MODIFYDATE, MODIFYBY) VALUES ('FF003', 'IDD FAILURE / 不能撥打國際長途電話', '104', TO_DATE('2019-10-29 14:31:04', 'YYYY-MM-DD HH24:MI:SS'), '81209181', TO_DATE('2019-10-29 14:31:04', 'YYYY-MM-DD HH24:MI:SS'), '81209181');
INSERT INTO SYMPTOM (SYMPTOM_CODE, SYMPTOM_DESCRIPTION, SYMPTOM_GROUP_CODE, CREATEDATE, CREATEBY, MODIFYDATE, MODIFYBY) VALUES ('FF004', 'ACCOUNT CODE FAILURE / IDD賬戶密碼不能使用', '104', TO_DATE('2019-10-29 14:31:04', 'YYYY-MM-DD HH24:MI:SS'), '81209181', TO_DATE('2019-10-29 14:31:04', 'YYYY-MM-DD HH24:MI:SS'), '81209181');
INSERT INTO SYMPTOM (SYMPTOM_CODE, SYMPTOM_DESCRIPTION, SYMPTOM_GROUP_CODE, CREATEDATE, CREATEBY, MODIFYDATE, MODIFYBY) VALUES ('FF005', 'CALL QUEUE FAILURE / 來電排序不能使用', '104', TO_DATE('2019-10-29 14:31:04', 'YYYY-MM-DD HH24:MI:SS'), '81209181', TO_DATE('2019-10-29 14:31:04', 'YYYY-MM-DD HH24:MI:SS'), '81209181');
INSERT INTO SYMPTOM (SYMPTOM_CODE, SYMPTOM_DESCRIPTION, SYMPTOM_GROUP_CODE, CREATEDATE, CREATEBY, MODIFYDATE, MODIFYBY) VALUES ('FF006', 'CALL TRANSFER FAILURE / 電話不能轉駁', '104', TO_DATE('2019-10-29 14:31:04', 'YYYY-MM-DD HH24:MI:SS'), '81209181', TO_DATE('2019-10-29 14:31:04', 'YYYY-MM-DD HH24:MI:SS'), '81209181');
INSERT INTO SYMPTOM (SYMPTOM_CODE, SYMPTOM_DESCRIPTION, SYMPTOM_GROUP_CODE, CREATEDATE, CREATEBY, MODIFYDATE, MODIFYBY) VALUES ('FF007', 'VOICE MAIL - SEE FAULT SUMMARY / 留言信箱問題 - 請參考摘要', '104', TO_DATE('2019-10-29 14:31:04', 'YYYY-MM-DD HH24:MI:SS'), '81209181', TO_DATE('2019-10-29 14:31:04', 'YYYY-MM-DD HH24:MI:SS'), '81209181');
INSERT INTO SYMPTOM (SYMPTOM_CODE, SYMPTOM_DESCRIPTION, SYMPTOM_GROUP_CODE, CREATEDATE, CREATEBY, MODIFYDATE, MODIFYBY) VALUES ('FF008', 'eFAX - SEE FAULT SUMMARY / 傳真問題 - 請參考摘要', '104', TO_DATE('2019-10-29 14:31:04', 'YYYY-MM-DD HH24:MI:SS'), '81209181', TO_DATE('2019-10-29 14:31:04', 'YYYY-MM-DD HH24:MI:SS'), '81209181');
INSERT INTO SYMPTOM (SYMPTOM_CODE, SYMPTOM_DESCRIPTION, SYMPTOM_GROUP_CODE, CREATEDATE, CREATEBY, MODIFYDATE, MODIFYBY) VALUES ('FF009', 'Mobile Apps - SEE FAULT SUMMARY / 手機軟件問題 - 請參考摘要', '104', TO_DATE('2019-10-29 14:31:04', 'YYYY-MM-DD HH24:MI:SS'), '81209181', TO_DATE('2019-10-29 14:31:04', 'YYYY-MM-DD HH24:MI:SS'), '81209181');
INSERT INTO SYMPTOM (SYMPTOM_CODE, SYMPTOM_DESCRIPTION, SYMPTOM_GROUP_CODE, CREATEDATE, CREATEBY, MODIFYDATE, MODIFYBY) VALUES ('FF010', 'CALL MANAGER / APPN PRBM - SEE FLT SUMMARY', '104', TO_DATE('2019-10-29 14:31:04', 'YYYY-MM-DD HH24:MI:SS'), '81209181', TO_DATE('2019-10-29 14:31:04', 'YYYY-MM-DD HH24:MI:SS'), '81209181');
INSERT INTO SYMPTOM (SYMPTOM_CODE, SYMPTOM_DESCRIPTION, SYMPTOM_GROUP_CODE, CREATEDATE, CREATEBY, MODIFYDATE, MODIFYBY) VALUES ('FF011', 'PHONE BOOK - SEE FAULT SUMMARY / 電話簿問題 - 請參考摘要', '104', TO_DATE('2019-10-29 14:31:04', 'YYYY-MM-DD HH24:MI:SS'), '81209181', TO_DATE('2019-10-29 14:31:04', 'YYYY-MM-DD HH24:MI:SS'), '81209181');
INSERT INTO SYMPTOM (SYMPTOM_CODE, SYMPTOM_DESCRIPTION, SYMPTOM_GROUP_CODE, CREATEDATE, CREATEBY, MODIFYDATE, MODIFYBY) VALUES ('FF012', 'ADMIN PORTAL PROBLEM - SEE FAULT SUMMARY / 管理門戶網站問題 - 請參考摘要', '104', TO_DATE('2019-10-29 14:31:04', 'YYYY-MM-DD HH24:MI:SS'), '81209181', TO_DATE('2019-10-29 14:31:04', 'YYYY-MM-DD HH24:MI:SS'), '81209181');
INSERT INTO SYMPTOM (SYMPTOM_CODE, SYMPTOM_DESCRIPTION, SYMPTOM_GROUP_CODE, CREATEDATE, CREATEBY, MODIFYDATE, MODIFYBY) VALUES ('FF013', 'OTHER  FEATURE PROBLEM, REFER TO REMARK / 其他故障問題， - 請參考備註', '104', TO_DATE('2019-10-29 14:31:04', 'YYYY-MM-DD HH24:MI:SS'), '81209181', TO_DATE('2019-10-29 14:31:04', 'YYYY-MM-DD HH24:MI:SS'), '81209181');
INSERT INTO SYMPTOM (SYMPTOM_CODE, SYMPTOM_DESCRIPTION, SYMPTOM_GROUP_CODE, CREATEDATE, CREATEBY, MODIFYDATE, MODIFYBY) VALUES ('FF014', 'SIP Logger / RECORDING FAIL', '104', TO_DATE('2019-10-29 14:31:04', 'YYYY-MM-DD HH24:MI:SS'), '81209181', TO_DATE('2019-10-29 14:31:04', 'YYYY-MM-DD HH24:MI:SS'), '81209181');
INSERT INTO SYMPTOM (SYMPTOM_CODE, SYMPTOM_DESCRIPTION, SYMPTOM_GROUP_CODE, CREATEDATE, CREATEBY, MODIFYDATE, MODIFYBY) VALUES ('FF015', 'SIP Logger / RETRIEVE FAIL', '104', TO_DATE('2019-10-29 14:31:04', 'YYYY-MM-DD HH24:MI:SS'), '81209181', TO_DATE('2019-10-29 14:31:04', 'YYYY-MM-DD HH24:MI:SS'), '81209181');
INSERT INTO SYMPTOM (SYMPTOM_CODE, SYMPTOM_DESCRIPTION, SYMPTOM_GROUP_CODE, CREATEDATE, CREATEBY, MODIFYDATE, MODIFYBY) VALUES ('FF016', 'SIP Logger / PLAYER ERROR', '104', TO_DATE('2019-10-29 14:31:04', 'YYYY-MM-DD HH24:MI:SS'), '81209181', TO_DATE('2019-10-29 14:31:04', 'YYYY-MM-DD HH24:MI:SS'), '81209181');
INSERT INTO SYMPTOM (SYMPTOM_CODE, SYMPTOM_DESCRIPTION, SYMPTOM_GROUP_CODE, CREATEDATE, CREATEBY, MODIFYDATE, MODIFYBY) VALUES ('FF017', 'SIP Logger / LAN PORTAL ERROR', '104', TO_DATE('2019-10-29 14:31:04', 'YYYY-MM-DD HH24:MI:SS'), '81209181', TO_DATE('2019-10-29 14:31:04', 'YYYY-MM-DD HH24:MI:SS'), '81209181');
INSERT INTO SYMPTOM (SYMPTOM_CODE, SYMPTOM_DESCRIPTION, SYMPTOM_GROUP_CODE, CREATEDATE, CREATEBY, MODIFYDATE, MODIFYBY) VALUES ('FF018', 'SIP Logger / WEB PORTAL ERROR', '104', TO_DATE('2019-10-29 14:31:04', 'YYYY-MM-DD HH24:MI:SS'), '81209181', TO_DATE('2019-10-29 14:31:04', 'YYYY-MM-DD HH24:MI:SS'), '81209181');
INSERT INTO SYMPTOM (SYMPTOM_CODE, SYMPTOM_DESCRIPTION, SYMPTOM_GROUP_CODE, CREATEDATE, CREATEBY, MODIFYDATE, MODIFYBY) VALUES ('FF019', 'SIP Logger / FTP DOWNLOAD ERROR', '104', TO_DATE('2019-10-29 14:31:04', 'YYYY-MM-DD HH24:MI:SS'), '81209181', TO_DATE('2019-10-29 14:31:04', 'YYYY-MM-DD HH24:MI:SS'), '81209181');
INSERT INTO SYMPTOM (SYMPTOM_CODE, SYMPTOM_DESCRIPTION, SYMPTOM_GROUP_CODE, CREATEDATE, CREATEBY, MODIFYDATE, MODIFYBY) VALUES ('FF020', 'SIP Logger / OTHER PROBLEM', '104', TO_DATE('2019-10-29 14:31:04', 'YYYY-MM-DD HH24:MI:SS'), '81209181', TO_DATE('2019-10-29 14:31:04', 'YYYY-MM-DD HH24:MI:SS'), '81209181');
INSERT INTO SYMPTOM (SYMPTOM_CODE, SYMPTOM_DESCRIPTION, SYMPTOM_GROUP_CODE, CREATEDATE, CREATEBY, MODIFYDATE, MODIFYBY) VALUES ('FF021', 'SIP REC / RECORDING FAIL', '104', TO_DATE('2019-10-29 14:31:04', 'YYYY-MM-DD HH24:MI:SS'), '81209181', TO_DATE('2019-10-29 14:31:04', 'YYYY-MM-DD HH24:MI:SS'), '81209181');
INSERT INTO SYMPTOM (SYMPTOM_CODE, SYMPTOM_DESCRIPTION, SYMPTOM_GROUP_CODE, CREATEDATE, CREATEBY, MODIFYDATE, MODIFYBY) VALUES ('FF022', 'SIP REC / RETRIEVE FAIL', '104', TO_DATE('2019-10-29 14:31:04', 'YYYY-MM-DD HH24:MI:SS'), '81209181', TO_DATE('2019-10-29 14:31:04', 'YYYY-MM-DD HH24:MI:SS'), '81209181');
INSERT INTO SYMPTOM (SYMPTOM_CODE, SYMPTOM_DESCRIPTION, SYMPTOM_GROUP_CODE, CREATEDATE, CREATEBY, MODIFYDATE, MODIFYBY) VALUES ('FF023', 'SIP REC / PLAYER ERROR', '104', TO_DATE('2019-10-29 14:31:04', 'YYYY-MM-DD HH24:MI:SS'), '81209181', TO_DATE('2019-10-29 14:31:04', 'YYYY-MM-DD HH24:MI:SS'), '81209181');
INSERT INTO SYMPTOM (SYMPTOM_CODE, SYMPTOM_DESCRIPTION, SYMPTOM_GROUP_CODE, CREATEDATE, CREATEBY, MODIFYDATE, MODIFYBY) VALUES ('FF024', 'SIP REC / LAN PORTAL ERROR', '104', TO_DATE('2019-10-29 14:31:04', 'YYYY-MM-DD HH24:MI:SS'), '81209181', TO_DATE('2019-10-29 14:31:04', 'YYYY-MM-DD HH24:MI:SS'), '81209181');
INSERT INTO SYMPTOM (SYMPTOM_CODE, SYMPTOM_DESCRIPTION, SYMPTOM_GROUP_CODE, CREATEDATE, CREATEBY, MODIFYDATE, MODIFYBY) VALUES ('FF025', 'SIP REC / WEB PORTAL ERROR', '104', TO_DATE('2019-10-29 14:31:04', 'YYYY-MM-DD HH24:MI:SS'), '81209181', TO_DATE('2019-10-29 14:31:04', 'YYYY-MM-DD HH24:MI:SS'), '81209181');
INSERT INTO SYMPTOM (SYMPTOM_CODE, SYMPTOM_DESCRIPTION, SYMPTOM_GROUP_CODE, CREATEDATE, CREATEBY, MODIFYDATE, MODIFYBY) VALUES ('FF026', 'SIP REC / FTP DOWNLOAD ERROR', '104', TO_DATE('2019-10-29 14:31:04', 'YYYY-MM-DD HH24:MI:SS'), '81209181', TO_DATE('2019-10-29 14:31:04', 'YYYY-MM-DD HH24:MI:SS'), '81209181');
INSERT INTO SYMPTOM (SYMPTOM_CODE, SYMPTOM_DESCRIPTION, SYMPTOM_GROUP_CODE, CREATEDATE, CREATEBY, MODIFYDATE, MODIFYBY) VALUES ('FF027', 'SIP REC / OTHER PROBLEM', '104', TO_DATE('2019-10-29 14:31:04', 'YYYY-MM-DD HH24:MI:SS'), '81209181', TO_DATE('2019-10-29 14:31:04', 'YYYY-MM-DD HH24:MI:SS'), '81209181');
INSERT INTO SYMPTOM (SYMPTOM_CODE, SYMPTOM_DESCRIPTION, SYMPTOM_GROUP_CODE, CREATEDATE, CREATEBY, MODIFYDATE, MODIFYBY) VALUES ('EF005', 'Phone Fault /電話機頭故障', '101', TO_DATE('2019-10-29 14:31:04', 'YYYY-MM-DD HH24:MI:SS'), '81209181', TO_DATE('2019-10-29 14:31:04', 'YYYY-MM-DD HH24:MI:SS'), '81209181');
INSERT INTO SYMPTOM (SYMPTOM_CODE, SYMPTOM_DESCRIPTION, SYMPTOM_GROUP_CODE, CREATEDATE, CREATEBY, MODIFYDATE, MODIFYBY) VALUES ('EF006', 'LAN Switch Fault / 交換機故障', '101', TO_DATE('2019-10-29 14:31:04', 'YYYY-MM-DD HH24:MI:SS'), '81209181', TO_DATE('2019-10-29 14:31:04', 'YYYY-MM-DD HH24:MI:SS'), '81209181');
INSERT INTO SYMPTOM (SYMPTOM_CODE, SYMPTOM_DESCRIPTION, SYMPTOM_GROUP_CODE, CREATEDATE, CREATEBY, MODIFYDATE, MODIFYBY) VALUES ('EF007', 'CPE Router Fault / 客人自置路由器故障', '101', TO_DATE('2019-10-29 14:31:04', 'YYYY-MM-DD HH24:MI:SS'), '81209181', TO_DATE('2019-10-29 14:31:04', 'YYYY-MM-DD HH24:MI:SS'), '81209181');
INSERT INTO SYMPTOM (SYMPTOM_CODE, SYMPTOM_DESCRIPTION, SYMPTOM_GROUP_CODE, CREATEDATE, CREATEBY, MODIFYDATE, MODIFYBY) VALUES ('CI003', 'FAIL TO RESET ADMIN PASSWORD / 重置管理者密碼失敗', '102', TO_DATE('2019-10-29 14:31:04', 'YYYY-MM-DD HH24:MI:SS'), '81209181', TO_DATE('2019-10-29 14:31:04', 'YYYY-MM-DD HH24:MI:SS'), '81209181');
INSERT INTO SYMPTOM (SYMPTOM_CODE, SYMPTOM_DESCRIPTION, SYMPTOM_GROUP_CODE, CREATEDATE, CREATEBY, MODIFYDATE, MODIFYBY) VALUES ('CI004', 'OTHER  CUSTOMER REQUEST, REFER TO REMARK / 客人的其他要求，請參考備註', '102', TO_DATE('2019-10-29 14:31:04', 'YYYY-MM-DD HH24:MI:SS'), '81209181', TO_DATE('2019-10-29 14:31:04', 'YYYY-MM-DD HH24:MI:SS'), '81209181');

-- SYMPTOM_GROUP
INSERT INTO SYMPTOM_GROUP (SYMPTOM_GROUP_CODE, SYMPTOM_GROUP_NAME, CREATEDATE, CREATEBY, MODIFYDATE, MODIFYBY) VALUES ('100', 'Internet Fault', TO_DATE('2019-10-29 14:46:50', 'YYYY-MM-DD HH24:MI:SS'), '81209181', TO_DATE('2019-10-29 14:46:50', 'YYYY-MM-DD HH24:MI:SS'), '81209181');
INSERT INTO SYMPTOM_GROUP (SYMPTOM_GROUP_CODE, SYMPTOM_GROUP_NAME, CREATEDATE, CREATEBY, MODIFYDATE, MODIFYBY) VALUES ('101', 'Equipment Fault', TO_DATE('2019-10-29 14:46:50', 'YYYY-MM-DD HH24:MI:SS'), '81209181', TO_DATE('2019-10-29 14:46:50', 'YYYY-MM-DD HH24:MI:SS'), '81209181');
INSERT INTO SYMPTOM_GROUP (SYMPTOM_GROUP_CODE, SYMPTOM_GROUP_NAME, CREATEDATE, CREATEBY, MODIFYDATE, MODIFYBY) VALUES ('102', 'Customer Issue', TO_DATE('2019-10-29 14:46:50', 'YYYY-MM-DD HH24:MI:SS'), '81209181', TO_DATE('2019-10-29 14:46:50', 'YYYY-MM-DD HH24:MI:SS'), '81209181');
INSERT INTO SYMPTOM_GROUP (SYMPTOM_GROUP_CODE, SYMPTOM_GROUP_NAME, CREATEDATE, CREATEBY, MODIFYDATE, MODIFYBY) VALUES ('103', 'Voice Fault', TO_DATE('2019-10-29 14:46:50', 'YYYY-MM-DD HH24:MI:SS'), '81209181', TO_DATE('2019-10-29 14:46:50', 'YYYY-MM-DD HH24:MI:SS'), '81209181');
INSERT INTO SYMPTOM_GROUP (SYMPTOM_GROUP_CODE, SYMPTOM_GROUP_NAME, CREATEDATE, CREATEBY, MODIFYDATE, MODIFYBY) VALUES ('104', 'Feature Fault', TO_DATE('2019-10-29 14:46:50', 'YYYY-MM-DD HH24:MI:SS'), '81209181', TO_DATE('2019-10-29 14:46:50', 'YYYY-MM-DD HH24:MI:SS'), '81209181');
INSERT INTO SYMPTOM_GROUP (SYMPTOM_GROUP_CODE, SYMPTOM_GROUP_NAME, CREATEDATE, CREATEBY, MODIFYDATE, MODIFYBY) VALUES ('105', 'General', TO_DATE('2019-10-30 17:27:56', 'YYYY-MM-DD HH24:MI:SS'), '81209181', TO_DATE('2019-10-30 17:27:56', 'YYYY-MM-DD HH24:MI:SS'), '81209181');
INSERT INTO SYMPTOM_GROUP (SYMPTOM_GROUP_CODE, SYMPTOM_GROUP_NAME, CREATEDATE, CREATEBY, MODIFYDATE, MODIFYBY) VALUES ('106', 'Office', TO_DATE('2019-10-30 17:27:56', 'YYYY-MM-DD HH24:MI:SS'), '81209181', TO_DATE('2019-10-30 17:27:56', 'YYYY-MM-DD HH24:MI:SS'), '81209181');

-- SYMPTOM_MAPPING
INSERT INTO SYMPTOM_MAPPING (SERVICE_TYPE_CODE, SYMPTOM_CODE, CREATEDATE, CREATEBY) VALUES ('BN', 'IF001', TO_DATE('2019-10-29 14:31:04', 'YYYY-MM-DD HH24:MI:SS'), '81209181');
INSERT INTO SYMPTOM_MAPPING (SERVICE_TYPE_CODE, SYMPTOM_CODE, CREATEDATE, CREATEBY) VALUES ('BN', 'IF002', TO_DATE('2019-10-29 14:31:04', 'YYYY-MM-DD HH24:MI:SS'), '81209181');
INSERT INTO SYMPTOM_MAPPING (SERVICE_TYPE_CODE, SYMPTOM_CODE, CREATEDATE, CREATEBY) VALUES ('BN', 'IF003', TO_DATE('2019-10-29 14:31:04', 'YYYY-MM-DD HH24:MI:SS'), '81209181');
INSERT INTO SYMPTOM_MAPPING (SERVICE_TYPE_CODE, SYMPTOM_CODE, CREATEDATE, CREATEBY) VALUES ('BN', 'IF004', TO_DATE('2019-10-29 14:31:04', 'YYYY-MM-DD HH24:MI:SS'), '81209181');
INSERT INTO SYMPTOM_MAPPING (SERVICE_TYPE_CODE, SYMPTOM_CODE, CREATEDATE, CREATEBY) VALUES ('BN', 'IF005', TO_DATE('2019-10-29 14:31:04', 'YYYY-MM-DD HH24:MI:SS'), '81209181');
INSERT INTO SYMPTOM_MAPPING (SERVICE_TYPE_CODE, SYMPTOM_CODE, CREATEDATE, CREATEBY) VALUES ('BN', 'IF006', TO_DATE('2019-10-29 14:31:04', 'YYYY-MM-DD HH24:MI:SS'), '81209181');
INSERT INTO SYMPTOM_MAPPING (SERVICE_TYPE_CODE, SYMPTOM_CODE, CREATEDATE, CREATEBY) VALUES ('BN', 'IF007', TO_DATE('2019-10-29 14:31:04', 'YYYY-MM-DD HH24:MI:SS'), '81209181');
INSERT INTO SYMPTOM_MAPPING (SERVICE_TYPE_CODE, SYMPTOM_CODE, CREATEDATE, CREATEBY) VALUES ('BN', 'IF008', TO_DATE('2019-10-29 14:31:04', 'YYYY-MM-DD HH24:MI:SS'), '81209181');
INSERT INTO SYMPTOM_MAPPING (SERVICE_TYPE_CODE, SYMPTOM_CODE, CREATEDATE, CREATEBY) VALUES ('BN', 'IF009', TO_DATE('2019-10-29 14:31:04', 'YYYY-MM-DD HH24:MI:SS'), '81209181');
INSERT INTO SYMPTOM_MAPPING (SERVICE_TYPE_CODE, SYMPTOM_CODE, CREATEDATE, CREATEBY) VALUES ('BN', 'IF010', TO_DATE('2019-10-29 14:31:04', 'YYYY-MM-DD HH24:MI:SS'), '81209181');
INSERT INTO SYMPTOM_MAPPING (SERVICE_TYPE_CODE, SYMPTOM_CODE, CREATEDATE, CREATEBY) VALUES ('BN', 'IF011', TO_DATE('2019-10-29 14:31:04', 'YYYY-MM-DD HH24:MI:SS'), '81209181');
INSERT INTO SYMPTOM_MAPPING (SERVICE_TYPE_CODE, SYMPTOM_CODE, CREATEDATE, CREATEBY) VALUES ('BN', 'IF012', TO_DATE('2019-10-29 14:31:04', 'YYYY-MM-DD HH24:MI:SS'), '81209181');
INSERT INTO SYMPTOM_MAPPING (SERVICE_TYPE_CODE, SYMPTOM_CODE, CREATEDATE, CREATEBY) VALUES ('BN', 'IF013', TO_DATE('2019-10-29 14:31:04', 'YYYY-MM-DD HH24:MI:SS'), '81209181');
INSERT INTO SYMPTOM_MAPPING (SERVICE_TYPE_CODE, SYMPTOM_CODE, CREATEDATE, CREATEBY) VALUES ('BN', 'FF001', TO_DATE('2019-10-29 14:31:04', 'YYYY-MM-DD HH24:MI:SS'), '81209181');
INSERT INTO SYMPTOM_MAPPING (SERVICE_TYPE_CODE, SYMPTOM_CODE, CREATEDATE, CREATEBY) VALUES ('BN', 'FF002', TO_DATE('2019-10-29 14:31:04', 'YYYY-MM-DD HH24:MI:SS'), '81209181');
INSERT INTO SYMPTOM_MAPPING (SERVICE_TYPE_CODE, SYMPTOM_CODE, CREATEDATE, CREATEBY) VALUES ('BN', 'EF001', TO_DATE('2019-10-29 14:31:04', 'YYYY-MM-DD HH24:MI:SS'), '81209181');
INSERT INTO SYMPTOM_MAPPING (SERVICE_TYPE_CODE, SYMPTOM_CODE, CREATEDATE, CREATEBY) VALUES ('BN', 'EF002', TO_DATE('2019-10-29 14:31:04', 'YYYY-MM-DD HH24:MI:SS'), '81209181');
INSERT INTO SYMPTOM_MAPPING (SERVICE_TYPE_CODE, SYMPTOM_CODE, CREATEDATE, CREATEBY) VALUES ('BN', 'EF003', TO_DATE('2019-10-29 14:31:04', 'YYYY-MM-DD HH24:MI:SS'), '81209181');
INSERT INTO SYMPTOM_MAPPING (SERVICE_TYPE_CODE, SYMPTOM_CODE, CREATEDATE, CREATEBY) VALUES ('BN', 'EF004', TO_DATE('2019-10-29 14:31:04', 'YYYY-MM-DD HH24:MI:SS'), '81209181');
INSERT INTO SYMPTOM_MAPPING (SERVICE_TYPE_CODE, SYMPTOM_CODE, CREATEDATE, CREATEBY) VALUES ('BN', 'CI001', TO_DATE('2019-10-29 14:31:04', 'YYYY-MM-DD HH24:MI:SS'), '81209181');
INSERT INTO SYMPTOM_MAPPING (SERVICE_TYPE_CODE, SYMPTOM_CODE, CREATEDATE, CREATEBY) VALUES ('BN', 'CI002', TO_DATE('2019-10-29 14:31:04', 'YYYY-MM-DD HH24:MI:SS'), '81209181');
INSERT INTO SYMPTOM_MAPPING (SERVICE_TYPE_CODE, SYMPTOM_CODE, CREATEDATE, CREATEBY) VALUES ('VOIP', 'VF001', TO_DATE('2019-10-29 14:31:04', 'YYYY-MM-DD HH24:MI:SS'), '81209181');
INSERT INTO SYMPTOM_MAPPING (SERVICE_TYPE_CODE, SYMPTOM_CODE, CREATEDATE, CREATEBY) VALUES ('VOIP', 'VF002', TO_DATE('2019-10-29 14:31:04', 'YYYY-MM-DD HH24:MI:SS'), '81209181');
INSERT INTO SYMPTOM_MAPPING (SERVICE_TYPE_CODE, SYMPTOM_CODE, CREATEDATE, CREATEBY) VALUES ('VOIP', 'VF003', TO_DATE('2019-10-29 14:31:04', 'YYYY-MM-DD HH24:MI:SS'), '81209181');
INSERT INTO SYMPTOM_MAPPING (SERVICE_TYPE_CODE, SYMPTOM_CODE, CREATEDATE, CREATEBY) VALUES ('VOIP', 'VF004', TO_DATE('2019-10-29 14:31:04', 'YYYY-MM-DD HH24:MI:SS'), '81209181');
INSERT INTO SYMPTOM_MAPPING (SERVICE_TYPE_CODE, SYMPTOM_CODE, CREATEDATE, CREATEBY) VALUES ('VOIP', 'VF005', TO_DATE('2019-10-29 14:31:04', 'YYYY-MM-DD HH24:MI:SS'), '81209181');
INSERT INTO SYMPTOM_MAPPING (SERVICE_TYPE_CODE, SYMPTOM_CODE, CREATEDATE, CREATEBY) VALUES ('VOIP', 'VF006', TO_DATE('2019-10-29 14:31:04', 'YYYY-MM-DD HH24:MI:SS'), '81209181');
INSERT INTO SYMPTOM_MAPPING (SERVICE_TYPE_CODE, SYMPTOM_CODE, CREATEDATE, CREATEBY) VALUES ('VOIP', 'VF007', TO_DATE('2019-10-29 14:31:04', 'YYYY-MM-DD HH24:MI:SS'), '81209181');
INSERT INTO SYMPTOM_MAPPING (SERVICE_TYPE_CODE, SYMPTOM_CODE, CREATEDATE, CREATEBY) VALUES ('VOIP', 'VF008', TO_DATE('2019-10-29 14:31:04', 'YYYY-MM-DD HH24:MI:SS'), '81209181');
INSERT INTO SYMPTOM_MAPPING (SERVICE_TYPE_CODE, SYMPTOM_CODE, CREATEDATE, CREATEBY) VALUES ('VOIP', 'VF009', TO_DATE('2019-10-29 14:31:04', 'YYYY-MM-DD HH24:MI:SS'), '81209181');
INSERT INTO SYMPTOM_MAPPING (SERVICE_TYPE_CODE, SYMPTOM_CODE, CREATEDATE, CREATEBY) VALUES ('VOIP', 'FF003', TO_DATE('2019-10-29 14:31:04', 'YYYY-MM-DD HH24:MI:SS'), '81209181');
INSERT INTO SYMPTOM_MAPPING (SERVICE_TYPE_CODE, SYMPTOM_CODE, CREATEDATE, CREATEBY) VALUES ('VOIP', 'FF004', TO_DATE('2019-10-29 14:31:04', 'YYYY-MM-DD HH24:MI:SS'), '81209181');
INSERT INTO SYMPTOM_MAPPING (SERVICE_TYPE_CODE, SYMPTOM_CODE, CREATEDATE, CREATEBY) VALUES ('VOIP', 'FF005', TO_DATE('2019-10-29 14:31:04', 'YYYY-MM-DD HH24:MI:SS'), '81209181');
INSERT INTO SYMPTOM_MAPPING (SERVICE_TYPE_CODE, SYMPTOM_CODE, CREATEDATE, CREATEBY) VALUES ('VOIP', 'FF006', TO_DATE('2019-10-29 14:31:04', 'YYYY-MM-DD HH24:MI:SS'), '81209181');
INSERT INTO SYMPTOM_MAPPING (SERVICE_TYPE_CODE, SYMPTOM_CODE, CREATEDATE, CREATEBY) VALUES ('VOIP', 'FF007', TO_DATE('2019-10-29 14:31:04', 'YYYY-MM-DD HH24:MI:SS'), '81209181');
INSERT INTO SYMPTOM_MAPPING (SERVICE_TYPE_CODE, SYMPTOM_CODE, CREATEDATE, CREATEBY) VALUES ('VOIP', 'FF008', TO_DATE('2019-10-29 14:31:04', 'YYYY-MM-DD HH24:MI:SS'), '81209181');
INSERT INTO SYMPTOM_MAPPING (SERVICE_TYPE_CODE, SYMPTOM_CODE, CREATEDATE, CREATEBY) VALUES ('VOIP', 'FF009', TO_DATE('2019-10-29 14:31:04', 'YYYY-MM-DD HH24:MI:SS'), '81209181');
INSERT INTO SYMPTOM_MAPPING (SERVICE_TYPE_CODE, SYMPTOM_CODE, CREATEDATE, CREATEBY) VALUES ('VOIP', 'FF010', TO_DATE('2019-10-29 14:31:04', 'YYYY-MM-DD HH24:MI:SS'), '81209181');
INSERT INTO SYMPTOM_MAPPING (SERVICE_TYPE_CODE, SYMPTOM_CODE, CREATEDATE, CREATEBY) VALUES ('VOIP', 'FF011', TO_DATE('2019-10-29 14:31:04', 'YYYY-MM-DD HH24:MI:SS'), '81209181');
INSERT INTO SYMPTOM_MAPPING (SERVICE_TYPE_CODE, SYMPTOM_CODE, CREATEDATE, CREATEBY) VALUES ('VOIP', 'FF012', TO_DATE('2019-10-29 14:31:04', 'YYYY-MM-DD HH24:MI:SS'), '81209181');
INSERT INTO SYMPTOM_MAPPING (SERVICE_TYPE_CODE, SYMPTOM_CODE, CREATEDATE, CREATEBY) VALUES ('VOIP', 'FF013', TO_DATE('2019-10-29 14:31:04', 'YYYY-MM-DD HH24:MI:SS'), '81209181');
INSERT INTO SYMPTOM_MAPPING (SERVICE_TYPE_CODE, SYMPTOM_CODE, CREATEDATE, CREATEBY) VALUES ('VOIP', 'FF014', TO_DATE('2019-10-29 14:31:04', 'YYYY-MM-DD HH24:MI:SS'), '81209181');
INSERT INTO SYMPTOM_MAPPING (SERVICE_TYPE_CODE, SYMPTOM_CODE, CREATEDATE, CREATEBY) VALUES ('VOIP', 'FF015', TO_DATE('2019-10-29 14:31:04', 'YYYY-MM-DD HH24:MI:SS'), '81209181');
INSERT INTO SYMPTOM_MAPPING (SERVICE_TYPE_CODE, SYMPTOM_CODE, CREATEDATE, CREATEBY) VALUES ('VOIP', 'FF016', TO_DATE('2019-10-29 14:31:04', 'YYYY-MM-DD HH24:MI:SS'), '81209181');
INSERT INTO SYMPTOM_MAPPING (SERVICE_TYPE_CODE, SYMPTOM_CODE, CREATEDATE, CREATEBY) VALUES ('VOIP', 'FF017', TO_DATE('2019-10-29 14:31:04', 'YYYY-MM-DD HH24:MI:SS'), '81209181');
INSERT INTO SYMPTOM_MAPPING (SERVICE_TYPE_CODE, SYMPTOM_CODE, CREATEDATE, CREATEBY) VALUES ('VOIP', 'FF018', TO_DATE('2019-10-29 14:31:04', 'YYYY-MM-DD HH24:MI:SS'), '81209181');
INSERT INTO SYMPTOM_MAPPING (SERVICE_TYPE_CODE, SYMPTOM_CODE, CREATEDATE, CREATEBY) VALUES ('VOIP', 'FF019', TO_DATE('2019-10-29 14:31:04', 'YYYY-MM-DD HH24:MI:SS'), '81209181');
INSERT INTO SYMPTOM_MAPPING (SERVICE_TYPE_CODE, SYMPTOM_CODE, CREATEDATE, CREATEBY) VALUES ('VOIP', 'FF020', TO_DATE('2019-10-29 14:31:04', 'YYYY-MM-DD HH24:MI:SS'), '81209181');
INSERT INTO SYMPTOM_MAPPING (SERVICE_TYPE_CODE, SYMPTOM_CODE, CREATEDATE, CREATEBY) VALUES ('VOIP', 'FF021', TO_DATE('2019-10-29 14:31:04', 'YYYY-MM-DD HH24:MI:SS'), '81209181');
INSERT INTO SYMPTOM_MAPPING (SERVICE_TYPE_CODE, SYMPTOM_CODE, CREATEDATE, CREATEBY) VALUES ('VOIP', 'FF022', TO_DATE('2019-10-29 14:31:04', 'YYYY-MM-DD HH24:MI:SS'), '81209181');
INSERT INTO SYMPTOM_MAPPING (SERVICE_TYPE_CODE, SYMPTOM_CODE, CREATEDATE, CREATEBY) VALUES ('VOIP', 'FF023', TO_DATE('2019-10-29 14:31:04', 'YYYY-MM-DD HH24:MI:SS'), '81209181');
INSERT INTO SYMPTOM_MAPPING (SERVICE_TYPE_CODE, SYMPTOM_CODE, CREATEDATE, CREATEBY) VALUES ('VOIP', 'FF024', TO_DATE('2019-10-29 14:31:04', 'YYYY-MM-DD HH24:MI:SS'), '81209181');
INSERT INTO SYMPTOM_MAPPING (SERVICE_TYPE_CODE, SYMPTOM_CODE, CREATEDATE, CREATEBY) VALUES ('VOIP', 'FF025', TO_DATE('2019-10-29 14:31:04', 'YYYY-MM-DD HH24:MI:SS'), '81209181');
INSERT INTO SYMPTOM_MAPPING (SERVICE_TYPE_CODE, SYMPTOM_CODE, CREATEDATE, CREATEBY) VALUES ('VOIP', 'FF026', TO_DATE('2019-10-29 14:31:04', 'YYYY-MM-DD HH24:MI:SS'), '81209181');
INSERT INTO SYMPTOM_MAPPING (SERVICE_TYPE_CODE, SYMPTOM_CODE, CREATEDATE, CREATEBY) VALUES ('VOIP', 'FF027', TO_DATE('2019-10-29 14:31:04', 'YYYY-MM-DD HH24:MI:SS'), '81209181');
INSERT INTO SYMPTOM_MAPPING (SERVICE_TYPE_CODE, SYMPTOM_CODE, CREATEDATE, CREATEBY) VALUES ('VOIP', 'EF005', TO_DATE('2019-10-29 14:31:04', 'YYYY-MM-DD HH24:MI:SS'), '81209181');
INSERT INTO SYMPTOM_MAPPING (SERVICE_TYPE_CODE, SYMPTOM_CODE, CREATEDATE, CREATEBY) VALUES ('VOIP', 'EF006', TO_DATE('2019-10-29 14:31:04', 'YYYY-MM-DD HH24:MI:SS'), '81209181');
INSERT INTO SYMPTOM_MAPPING (SERVICE_TYPE_CODE, SYMPTOM_CODE, CREATEDATE, CREATEBY) VALUES ('VOIP', 'EF007', TO_DATE('2019-10-29 14:31:04', 'YYYY-MM-DD HH24:MI:SS'), '81209181');
INSERT INTO SYMPTOM_MAPPING (SERVICE_TYPE_CODE, SYMPTOM_CODE, CREATEDATE, CREATEBY) VALUES ('VOIP', 'CI003', TO_DATE('2019-10-29 14:31:04', 'YYYY-MM-DD HH24:MI:SS'), '81209181');
INSERT INTO SYMPTOM_MAPPING (SERVICE_TYPE_CODE, SYMPTOM_CODE, CREATEDATE, CREATEBY) VALUES ('VOIP', 'CI004', TO_DATE('2019-10-29 14:31:04', 'YYYY-MM-DD HH24:MI:SS'), '81209181');
INSERT INTO SYMPTOM_MAPPING (SERVICE_TYPE_CODE, SYMPTOM_CODE, CREATEDATE, CREATEBY) VALUES ('E_CLOUD', 'VM001', TO_DATE('2019-10-30 17:07:21', 'YYYY-MM-DD HH24:MI:SS'), '81209181');
INSERT INTO SYMPTOM_MAPPING (SERVICE_TYPE_CODE, SYMPTOM_CODE, CREATEDATE, CREATEBY) VALUES ('EC_365', 'OF001', TO_DATE('2019-10-30 17:07:21', 'YYYY-MM-DD HH24:MI:SS'), '81209181');
INSERT INTO SYMPTOM_MAPPING (SERVICE_TYPE_CODE, SYMPTOM_CODE, CREATEDATE, CREATEBY) VALUES ('EC_365', 'OF002', TO_DATE('2019-10-30 17:07:21', 'YYYY-MM-DD HH24:MI:SS'), '81209181');
INSERT INTO SYMPTOM_MAPPING (SERVICE_TYPE_CODE, SYMPTOM_CODE, CREATEDATE, CREATEBY) VALUES ('EC_365', 'OF003', TO_DATE('2019-10-30 17:07:21', 'YYYY-MM-DD HH24:MI:SS'), '81209181');
INSERT INTO SYMPTOM_MAPPING (SERVICE_TYPE_CODE, SYMPTOM_CODE, CREATEDATE, CREATEBY) VALUES ('EC_365', 'OF004', TO_DATE('2019-10-30 17:07:21', 'YYYY-MM-DD HH24:MI:SS'), '81209181');
INSERT INTO SYMPTOM_MAPPING (SERVICE_TYPE_CODE, SYMPTOM_CODE, CREATEDATE, CREATEBY) VALUES ('EC_365', 'OF005', TO_DATE('2019-10-30 17:07:21', 'YYYY-MM-DD HH24:MI:SS'), '81209181');
INSERT INTO SYMPTOM_MAPPING (SERVICE_TYPE_CODE, SYMPTOM_CODE, CREATEDATE, CREATEBY) VALUES ('EC_365', 'OF006', TO_DATE('2019-10-30 17:07:21', 'YYYY-MM-DD HH24:MI:SS'), '81209181');
INSERT INTO SYMPTOM_MAPPING (SERVICE_TYPE_CODE, SYMPTOM_CODE, CREATEDATE, CREATEBY) VALUES ('EC_365', 'OF007', TO_DATE('2019-10-30 17:07:21', 'YYYY-MM-DD HH24:MI:SS'), '81209181');
INSERT INTO SYMPTOM_MAPPING (SERVICE_TYPE_CODE, SYMPTOM_CODE, CREATEDATE, CREATEBY) VALUES ('EC_365', 'OF008', TO_DATE('2019-10-30 17:07:21', 'YYYY-MM-DD HH24:MI:SS'), '81209181');
INSERT INTO SYMPTOM_MAPPING (SERVICE_TYPE_CODE, SYMPTOM_CODE, CREATEDATE, CREATEBY) VALUES ('EC_365', 'OF009', TO_DATE('2019-10-30 17:07:21', 'YYYY-MM-DD HH24:MI:SS'), '81209181');
INSERT INTO SYMPTOM_MAPPING (SERVICE_TYPE_CODE, SYMPTOM_CODE, CREATEDATE, CREATEBY) VALUES ('EC_365', 'OF010', TO_DATE('2019-10-30 17:07:21', 'YYYY-MM-DD HH24:MI:SS'), '81209181');
INSERT INTO SYMPTOM_MAPPING (SERVICE_TYPE_CODE, SYMPTOM_CODE, CREATEDATE, CREATEBY) VALUES ('EC_365', 'OF011', TO_DATE('2019-10-30 17:07:21', 'YYYY-MM-DD HH24:MI:SS'), '81209181');
INSERT INTO SYMPTOM_MAPPING (SERVICE_TYPE_CODE, SYMPTOM_CODE, CREATEDATE, CREATEBY) VALUES ('EC_365', 'OF012', TO_DATE('2019-10-30 17:07:21', 'YYYY-MM-DD HH24:MI:SS'), '81209181');
INSERT INTO SYMPTOM_MAPPING (SERVICE_TYPE_CODE, SYMPTOM_CODE, CREATEDATE, CREATEBY) VALUES ('EC_365', 'OF013', TO_DATE('2019-10-30 17:07:21', 'YYYY-MM-DD HH24:MI:SS'), '81209181');
INSERT INTO SYMPTOM_MAPPING (SERVICE_TYPE_CODE, SYMPTOM_CODE, CREATEDATE, CREATEBY) VALUES ('EC_365', 'OF014', TO_DATE('2019-10-30 17:07:21', 'YYYY-MM-DD HH24:MI:SS'), '81209181');
INSERT INTO SYMPTOM_MAPPING (SERVICE_TYPE_CODE, SYMPTOM_CODE, CREATEDATE, CREATEBY) VALUES ('EC_365', 'OF015', TO_DATE('2019-10-30 17:07:21', 'YYYY-MM-DD HH24:MI:SS'), '81209181');
INSERT INTO SYMPTOM_MAPPING (SERVICE_TYPE_CODE, SYMPTOM_CODE, CREATEDATE, CREATEBY) VALUES ('EC_365', 'OF016', TO_DATE('2019-10-30 17:07:21', 'YYYY-MM-DD HH24:MI:SS'), '81209181');
