-- R2 symptom data
-- include redefine Smart meter code
-- 27-Oct-2020
-- SYMPTOM
set define off;
INSERT INTO SYMPTOM (SYMPTOM_CODE, SYMPTOM_DESCRIPTION, SYMPTOM_GROUP_CODE, CREATEDATE, CREATEBY, MODIFYDATE, MODIFYBY) VALUES ('L2001', 'Email - Send and Received problem', '107', TO_DATE('2020-10-27 00:00:01', 'YYYY-MM-DD HH24:MI:SS'), '00496877', TO_DATE('2020-10-27 00:00:01', 'YYYY-MM-DD HH24:MI:SS'), '00496877');
INSERT INTO SYMPTOM (SYMPTOM_CODE, SYMPTOM_DESCRIPTION, SYMPTOM_GROUP_CODE, CREATEDATE, CREATEBY, MODIFYDATE, MODIFYBY) VALUES ('L2002', 'Email – Spamming/Hacking/Phishing', '107', TO_DATE('2020-10-27 00:00:01', 'YYYY-MM-DD HH24:MI:SS'), '00496877', TO_DATE('2020-10-27 00:00:01', 'YYYY-MM-DD HH24:MI:SS'), '00496877');
INSERT INTO SYMPTOM (SYMPTOM_CODE, SYMPTOM_DESCRIPTION, SYMPTOM_GROUP_CODE, CREATEDATE, CREATEBY, MODIFYDATE, MODIFYBY) VALUES ('L2003', 'Email – Receive Virus problem', '107', TO_DATE('2020-10-27 00:00:01', 'YYYY-MM-DD HH24:MI:SS'), '00496877', TO_DATE('2020-10-27 00:00:01', 'YYYY-MM-DD HH24:MI:SS'), '00496877');
INSERT INTO SYMPTOM (SYMPTOM_CODE, SYMPTOM_DESCRIPTION, SYMPTOM_GROUP_CODE, CREATEDATE, CREATEBY, MODIFYDATE, MODIFYBY) VALUES ('L2004', 'Email – Pmaster / Internet 3rd party blocking', '107', TO_DATE('2020-10-27 00:00:01', 'YYYY-MM-DD HH24:MI:SS'), '00496877', TO_DATE('2020-10-27 00:00:01', 'YYYY-MM-DD HH24:MI:SS'), '00496877');
INSERT INTO SYMPTOM (SYMPTOM_CODE, SYMPTOM_DESCRIPTION, SYMPTOM_GROUP_CODE, CREATEDATE, CREATEBY, MODIFYDATE, MODIFYBY) VALUES ('L2005', 'VAS problem', '107', TO_DATE('2020-10-27 00:00:01', 'YYYY-MM-DD HH24:MI:SS'), '00496877', TO_DATE('2020-10-27 00:00:01', 'YYYY-MM-DD HH24:MI:SS'), '00496877');
INSERT INTO SYMPTOM (SYMPTOM_CODE, SYMPTOM_DESCRIPTION, SYMPTOM_GROUP_CODE, CREATEDATE, CREATEBY, MODIFYDATE, MODIFYBY) VALUES ('L2006', 'Internet Connection issue', '107', TO_DATE('2020-10-27 00:00:01', 'YYYY-MM-DD HH24:MI:SS'), '00496877', TO_DATE('2020-10-27 00:00:01', 'YYYY-MM-DD HH24:MI:SS'), '00496877');
INSERT INTO SYMPTOM (SYMPTOM_CODE, SYMPTOM_DESCRIPTION, SYMPTOM_GROUP_CODE, CREATEDATE, CREATEBY, MODIFYDATE, MODIFYBY) VALUES ('L2007', 'Domain issue', '107', TO_DATE('2020-10-27 00:00:01', 'YYYY-MM-DD HH24:MI:SS'), '00496877', TO_DATE('2020-10-27 00:00:01', 'YYYY-MM-DD HH24:MI:SS'), '00496877');
INSERT INTO SYMPTOM (SYMPTOM_CODE, SYMPTOM_DESCRIPTION, SYMPTOM_GROUP_CODE, CREATEDATE, CREATEBY, MODIFYDATE, MODIFYBY) VALUES ('L2008', 'EMAIL + cannot use', '107', TO_DATE('2020-10-27 00:00:01', 'YYYY-MM-DD HH24:MI:SS'), '00496877', TO_DATE('2020-10-27 00:00:01', 'YYYY-MM-DD HH24:MI:SS'), '00496877');
-- SYMPTOM_GROUP
INSERT INTO SYMPTOM_GROUP (SYMPTOM_GROUP_CODE, SYMPTOM_GROUP_NAME, CREATEDATE, CREATEBY, MODIFYDATE, MODIFYBY) VALUES ('107', 'L2 Fault', TO_DATE('2020-10-27 00:00:00', 'YYYY-MM-DD HH24:MI:SS'), '00496877', TO_DATE('2020-10-27 00:00:00', 'YYYY-MM-DD HH24:MI:SS'), '00496877');
commit;

-- redefine smart meter code

-- SYMPTOM_GROUP
INSERT INTO SYMPTOM_GROUP (SYMPTOM_GROUP_CODE, SYMPTOM_GROUP_NAME, CREATEDATE, CREATEBY, MODIFYDATE, MODIFYBY) VALUES ('108', 'Smart Meter', TO_DATE('2020-10-27 00:00:00', 'YYYY-MM-DD HH24:MI:SS'), '00496877', TO_DATE('2020-10-27 00:00:00', 'YYYY-MM-DD HH24:MI:SS'), '00496877');
commit;

INSERT INTO SYMPTOM (SYMPTOM_CODE, SYMPTOM_DESCRIPTION, SYMPTOM_GROUP_CODE, CREATEDATE, CREATEBY, MODIFYDATE, MODIFYBY) VALUES ('ME001', 'Need Field', '108', SYSDATE, '01634476', SYSDATE, '01634476');
INSERT INTO SYMPTOM (SYMPTOM_CODE, SYMPTOM_DESCRIPTION, SYMPTOM_GROUP_CODE, CREATEDATE, CREATEBY, MODIFYDATE, MODIFYBY) VALUES ('ME002', 'Need PND', '108', SYSDATE, '01634476', SYSDATE, '01634476');
INSERT INTO SYMPTOM (SYMPTOM_CODE, SYMPTOM_DESCRIPTION, SYMPTOM_GROUP_CODE, CREATEDATE, CREATEBY, MODIFYDATE, MODIFYBY) VALUES ('ME003', 'Need PND and Field', '108', SYSDATE, '01634476', SYSDATE, '01634476');

INSERT INTO SYMPTOM_MAPPING (SERVICE_TYPE_CODE, SYMPTOM_CODE, CREATEDATE, CREATEBY) VALUES ('METER', 'ME001', SYSDATE, '00496877');
INSERT INTO SYMPTOM_MAPPING (SERVICE_TYPE_CODE, SYMPTOM_CODE, CREATEDATE, CREATEBY) VALUES ('METER', 'ME002', SYSDATE, '00496877');
INSERT INTO SYMPTOM_MAPPING (SERVICE_TYPE_CODE, SYMPTOM_CODE, CREATEDATE, CREATEBY) VALUES ('METER', 'ME003', SYSDATE, '00496877');
commit;